<?xml version="1.0" encoding="UTF-8"?>
<!DOCTYPE suite SYSTEM "http://testng.org/testng-1.0.dtd">
<suite name="Default suite" guice-stage="DEVELOPMENT">
<!-- Default suite -->
<parameter name="driverPath" value="${driverPath}"/>

<test name="Maverick" verbose="2" thread-count="1">


<classes>

<class name="mavericks.dabbler.SubRedditTest"/>

<class name="mavericks.dabbler.LoginTest"/>

<class name="mavericks.dabbler.HomeTest"/>

</classes>

</test>

<!-- Default test -->


</suite>